,preprocessor,estimator,best_train_score,best_test_score,time_weighted_score,roc_auc,train_test_variance,fit_time_seconds,predict_time_seconds,best_params,subreddits,date
0,TfidfVectorizer,XGBoost Classifier,0.91,0.56,13.883,0.839,0.385,40.145,0.201,"{'xgbclassifier__n_estimators': 200, 'xgbclassifier__max_depth': 20, 'xgbclassifier__hidden_layer_sizes': 25, 'tfidfvectorizer__use_idf': False, 'tfidfvectorizer__strip_accents': 'ascii', 'tfidfvectorizer__norm': 'l2', 'tfidfvectorizer__ngram_range': (1, 1), 'tfidfvectorizer__min_df': 1, 'tfidfvectorizer__max_features': 7000, 'tfidfvectorizer__max_df': 0.99001}","scikit_learn, shittyprogramming, postgresql, softwarearchitecture, mongodb, datascience, machinelearning, dataengineering",2020-06-14 16:00:03.543925
1,TfidfVectorizer,Logistic Regression,0.86,0.607,2395.439,0.869,0.294,0.232,0.021,"{'tfidfvectorizer__use_idf': True, 'tfidfvectorizer__strip_accents': None, 'tfidfvectorizer__norm': 'l2', 'tfidfvectorizer__ngram_range': (1, 1), 'tfidfvectorizer__min_df': 1, 'tfidfvectorizer__max_features': 7000, 'tfidfvectorizer__max_df': 0.99001, 'logisticregression__solver': 'lbfgs', 'logisticregression__fit_intercept': False, 'logisticregression__C': 0.99}","scikit_learn, shittyprogramming, postgresql, softwarearchitecture, mongodb, datascience, machinelearning, dataengineering",2020-06-14 16:00:03.543925
2,TfidfVectorizer,Random Forest,0.715,0.58,213.974,0.864,0.188,2.37,0.343,"{'tfidfvectorizer__use_idf': False, 'tfidfvectorizer__strip_accents': 'ascii', 'tfidfvectorizer__norm': 'l2', 'tfidfvectorizer__ngram_range': (1, 1), 'tfidfvectorizer__min_df': 1, 'tfidfvectorizer__max_features': 7000, 'tfidfvectorizer__max_df': 0.99001, 'randomforestclassifier__n_estimators': 300, 'randomforestclassifier__min_samples_split': 0.1, 'randomforestclassifier__min_samples_leaf': 2, 'randomforestclassifier__max_depth': 252}","scikit_learn, shittyprogramming, postgresql, softwarearchitecture, mongodb, datascience, machinelearning, dataengineering",2020-06-14 16:00:03.543925
3,TfidfVectorizer,K Nearest Neighbors,0.17,0.111,301.316,0.509,0.349,0.143,0.224,"{'tfidfvectorizer__use_idf': False, 'tfidfvectorizer__strip_accents': 'unicode', 'tfidfvectorizer__norm': 'l2', 'tfidfvectorizer__ngram_range': (1, 2), 'tfidfvectorizer__min_df': 1, 'tfidfvectorizer__max_features': 5000, 'tfidfvectorizer__max_df': 1, 'kneighborsclassifier__n_neighbors': 10, 'kneighborsclassifier__metric': 'manhattan'}","scikit_learn, shittyprogramming, postgresql, softwarearchitecture, mongodb, datascience, machinelearning, dataengineering",2020-06-14 16:00:03.543925
4,TfidfVectorizer,Multinomial Bayes Classifier,0.856,0.612,6281.566,0.872,0.285,0.075,0.022,"{'tfidfvectorizer__use_idf': True, 'tfidfvectorizer__strip_accents': 'unicode', 'tfidfvectorizer__norm': 'l2', 'tfidfvectorizer__ngram_range': (1, 1), 'tfidfvectorizer__min_df': 1, 'tfidfvectorizer__max_features': 7000, 'tfidfvectorizer__max_df': 0.95001, 'multinomialnb__fit_prior': False, 'multinomialnb__alpha': 0.8811111111111111}","scikit_learn, shittyprogramming, postgresql, softwarearchitecture, mongodb, datascience, machinelearning, dataengineering",2020-06-14 16:00:03.543925
5,TfidfVectorizer,Support Vector Classifier,0.782,0.593,145.182,0.872,0.241,3.419,0.668,"{'tfidfvectorizer__use_idf': True, 'tfidfvectorizer__strip_accents': 'unicode', 'tfidfvectorizer__norm': 'l2', 'tfidfvectorizer__ngram_range': (1, 1), 'tfidfvectorizer__min_df': 1, 'tfidfvectorizer__max_features': 6000, 'tfidfvectorizer__max_df': 0.99001, 'svc__kernel': 'sigmoid', 'svc__C': 0.7722222222222221}","scikit_learn, shittyprogramming, postgresql, softwarearchitecture, mongodb, datascience, machinelearning, dataengineering",2020-06-14 16:00:03.543925
6,TfidfVectorizer,AdaBoost Classifier,0.34,0.317,80.756,0.612,0.067,3.54,0.387,"{'tfidfvectorizer__use_idf': False, 'tfidfvectorizer__strip_accents': 'ascii', 'tfidfvectorizer__norm': 'l2', 'tfidfvectorizer__ngram_range': (1, 2), 'tfidfvectorizer__min_df': 1, 'tfidfvectorizer__max_features': 7000, 'tfidfvectorizer__max_df': 0.95001, 'adaboostclassifier__n_estimators': 500, 'adaboostclassifier__learning_rate': 0.1}","scikit_learn, shittyprogramming, postgresql, softwarearchitecture, mongodb, datascience, machinelearning, dataengineering",2020-06-14 16:00:03.543925
7,TfidfVectorizer,Bagging Classifier,0.984,0.554,8.104,0.828,0.437,68.112,0.278,"{'tfidfvectorizer__use_idf': False, 'tfidfvectorizer__strip_accents': None, 'tfidfvectorizer__norm': 'l2', 'tfidfvectorizer__ngram_range': (1, 2), 'tfidfvectorizer__min_df': 1, 'tfidfvectorizer__max_features': 6000, 'tfidfvectorizer__max_df': 0.99001, 'baggingclassifier__n_estimators': 100}","scikit_learn, shittyprogramming, postgresql, softwarearchitecture, mongodb, datascience, machinelearning, dataengineering",2020-06-14 16:00:03.543925
8,TfidfVectorizer,Extra Trees Classifier,0.987,0.581,13.009,0.858,0.411,42.706,1.936,"{'tfidfvectorizer__use_idf': True, 'tfidfvectorizer__strip_accents': None, 'tfidfvectorizer__norm': 'l2', 'tfidfvectorizer__ngram_range': (1, 1), 'tfidfvectorizer__min_df': 1, 'tfidfvectorizer__max_features': 5000, 'tfidfvectorizer__max_df': 0.99001, 'extratreesclassifier__n_estimators': 700, 'extratreesclassifier__bootstrap': True}","scikit_learn, shittyprogramming, postgresql, softwarearchitecture, mongodb, datascience, machinelearning, dataengineering",2020-06-14 16:00:03.543925
9,TfidfVectorizer,Passive Agressive Classifier,0.939,0.593,2186.228,0.858,0.368,0.248,0.023,"{'tfidfvectorizer__use_idf': True, 'tfidfvectorizer__strip_accents': 'unicode', 'tfidfvectorizer__norm': 'l2', 'tfidfvectorizer__ngram_range': (1, 1), 'tfidfvectorizer__min_df': 1, 'tfidfvectorizer__max_features': 7000, 'tfidfvectorizer__max_df': 0.95001, 'passiveaggressiveclassifier__fit_intercept': False, 'passiveaggressiveclassifier__C': 0.05263157894736842}","scikit_learn, shittyprogramming, postgresql, softwarearchitecture, mongodb, datascience, machinelearning, dataengineering",2020-06-14 16:00:03.543925
10,TfidfVectorizer,Stochastic Gradient Descent Classifier,0.883,0.596,4203.98,0.858,0.325,0.121,0.02,"{'tfidfvectorizer__use_idf': False, 'tfidfvectorizer__strip_accents': None, 'tfidfvectorizer__norm': 'l2', 'tfidfvectorizer__ngram_range': (1, 1), 'tfidfvectorizer__min_df': 1, 'tfidfvectorizer__max_features': 5000, 'tfidfvectorizer__max_df': 0.95001, 'sgdclassifier__penalty': 'l2', 'sgdclassifier__fit_intercept': True, 'sgdclassifier__alpha': 0.0001}","scikit_learn, shittyprogramming, postgresql, softwarearchitecture, mongodb, datascience, machinelearning, dataengineering",2020-06-14 16:00:03.543925
11,TfidfVectorizer,Linear SVC,0.89,0.606,4145.093,0.858,0.32,0.124,0.022,"{'tfidfvectorizer__use_idf': True, 'tfidfvectorizer__strip_accents': 'unicode', 'tfidfvectorizer__norm': 'l2', 'tfidfvectorizer__ngram_range': (1, 1), 'tfidfvectorizer__min_df': 1, 'tfidfvectorizer__max_features': 6000, 'tfidfvectorizer__max_df': 0.99001, 'linearsvc__fit_intercept': True, 'linearsvc__C': 0.2575}","scikit_learn, shittyprogramming, postgresql, softwarearchitecture, mongodb, datascience, machinelearning, dataengineering",2020-06-14 16:00:03.543925
